<application>
  <component name="MavenWrapperMapping">
    <option name="mapping">
      <map>
        <entry key="https://repo.maven.apache.org/maven2/org/apache/maven/apache-maven/3.6.3/apache-maven-3.6.3-bin.zip" value="C:\Users\otj1023\.m2\wrapper\dists\apache-maven-3.6.3-bin\1iopthnavndlasol9gbrbg6bf2\apache-maven-3.6.3" />
        <entry key="https://repo.maven.apache.org/maven2/org/apache/maven/apache-maven/3.9.4/apache-maven-3.9.4-bin.zip" value="C:\Users\otj1023\.m2\wrapper\dists\apache-maven-3.9.4-bin\2vqnav6ufo1qvo5j2um40861m\apache-maven-3.9.4" />
        <entry key="https://repo.maven.apache.org/maven2/org/apache/maven/apache-maven/3.9.5/apache-maven-3.9.5-bin.zip" value="C:\Users\otj1023\.m2\wrapper\dists\apache-maven-3.9.5-bin\2adeog8mj13csp1uusqnc1f2mo\apache-maven-3.9.5" />
        <entry key="https://repo.maven.apache.org/maven2/org/apache/maven/apache-maven/3.9.6/apache-maven-3.9.6-bin.zip" value="C:\Users\otj1023\.m2\wrapper\dists\apache-maven-3.9.6-bin\439sdfsg2nbdob9ciift5h5nse\apache-maven-3.9.6" />
      </map>
    </option>
  </component>
</application>