<application>
  <component name="JpaPluginApplicationSettings">
    <option name="jpaToolWindowState" value="CustomJpaState" />
  </component>
  <component name="ViewModeState" structureMode="Unified">
    <option name="entityDesigner">
      <designerState />
    </option>
    <option name="liquibaseDesigner">
      <designerState />
    </option>
    <option name="repositoryDesigner">
      <designerState />
    </option>
    <option name="sqlDesigner">
      <designerState />
    </option>
  </component>
</application>