<keymap version="1" name="Windows copy" parent="$default">
  <action id="ActivateTerminalToolWindow">
    <keyboard-shortcut first-keystroke="ctrl back_quote" />
  </action>
  <action id="Android.Designer.IssuePanel.QuickFixes">
    <keyboard-shortcut first-keystroke="ctrl period" />
  </action>
  <action id="AutoIndentLines" />
  <action id="CollapseSelection">
    <keyboard-shortcut first-keystroke="alt enter" />
  </action>
  <action id="EditorChooseLookupItemDot">
    <keyboard-shortcut first-keystroke="alt enter" />
  </action>
  <action id="FileChooser.TogglePathBar" />
  <action id="IntroduceField">
    <keyboard-shortcut first-keystroke="ctrl alt l" />
  </action>
  <action id="IntroduceProperty">
    <keyboard-shortcut first-keystroke="ctrl alt l" />
  </action>
  <action id="ParameterInfo" />
  <action id="QuickChangeScheme">
    <keyboard-shortcut first-keystroke="alt f12" />
  </action>
  <action id="RecentFiles">
    <keyboard-shortcut first-keystroke="ctrl p" />
  </action>
  <action id="ReformatCode">
    <keyboard-shortcut first-keystroke="ctrl alt f" />
  </action>
  <action id="SetShortcutAction">
    <keyboard-shortcut first-keystroke="ctrl period" />
  </action>
  <action id="ShowFilterPopup">
    <keyboard-shortcut first-keystroke="ctrl alt l" />
  </action>
  <action id="ShowIntentionActions">
    <keyboard-shortcut first-keystroke="ctrl period" />
  </action>
  <action id="ShowSettings">
    <keyboard-shortcut first-keystroke="ctrl alt s" />
    <keyboard-shortcut first-keystroke="ctrl comma" />
  </action>
  <action id="UsageGrouping.FileStructure">
    <keyboard-shortcut first-keystroke="ctrl alt l" />
  </action>
  <action id="copilot.chat.show">
    <keyboard-shortcut first-keystroke="shift ctrl c" />
    <keyboard-shortcut first-keystroke="ctrl alt i" />
  </action>
  <action id="copilot.cycleNextInlays">
    <keyboard-shortcut first-keystroke="alt close_bracket" />
    <keyboard-shortcut first-keystroke="alt enter" />
  </action>
  <action id="copilot.cyclePrevInlays">
    <keyboard-shortcut first-keystroke="alt open_bracket" />
  </action>
  <action id="copilot.disposeInlays" />
</keymap>