<keymap version="1" name="Windows copy" parent="$default">
  <action id="FileChooser.TogglePathBar" />
  <action id="ParameterInfo" />
  <action id="RecentFiles">
    <keyboard-shortcut first-keystroke="ctrl p" />
  </action>
  <action id="ShowSettings">
    <keyboard-shortcut first-keystroke="ctrl alt s" />
    <keyboard-shortcut first-keystroke="ctrl comma" />
  </action>
  <action id="copilot.cyclePrevInlays">
    <keyboard-shortcut first-keystroke="alt open_bracket" />
  </action>
  <action id="copilot.disposeInlays" />
</keymap>